length,algorithm,time_s,peak_mem_mib,delta_mem_mib
200,NW,0.051970,78.242,2.008
200,Hirschberg,0.067538,78.242,0.000
400,NW,0.054998,80.312,2.070
400,Hirschberg,0.098988,79.312,0.000
800,NW,0.154742,95.043,15.730
800,Hirschberg,0.324680,82.359,0.004
1600,NW,0.584453,161.152,78.793
1600,Hirschberg,1.383179,82.715,0.000
3200,NW,2.321829,440.289,357.574
3200,Hirschberg,5.621366,156.711,0.000
6400,NW,9.273999,1586.363,1429.652
6400,Hirschberg,23.658356,391.254,0.000
